"","x"
"1",NA
"2",3.64467807252855
"3",2.0328040440925
"4",1.96175087626972
"5",NA
"6",5.64978075005027
"7",3.53588162915199
"8",NA
"9",NA
"10",NA
"11",2.0328040440925
"12",NA
"13",3.22388831327646
"14",NA
"15",NA
"16",2.38759970512209
"17",1.96175087626972
"18",NA
"19",3.52358785685617
"20",5.40150141503716
"21",2.16593931061891
"22",NA
"23",NA
"24",2.17495927264551
"25",3.52358785685617
"26",5.19139798754309
"27",2.62935535460519
"28",5.91388571113206
"29",4.43779593100917
"30",2.17495927264551
"31",3.95497463722755
"32",NA
"33",4.05178485829139
"34",2.39078273515195
"35",NA
"36",3.52358785685617
"37",2.37277833803963
"38",3.18588225234087
"39",NA
"40",NA
"41",2.17495927264551
"42",NA
"43",NA
"44",NA
"45",2.39078273515195
"46",3.64467807252855
"47",2.39078273515195
"48",4.54532660446142
"49",3.95497463722755
"50",1.65071812473173
"51",3.52358785685617
"52",NA
"53",3.85705868783323
"54",NA
"55",1.58875298364456
"56",1.84951804676447
"57",5.19139798754309
"58",4.10455418882341
"59",NA
"60",NA
"61",4.54532660446142
"62",NA
"63",2.39078273515195
"64",2.17495927264551
"65",2.0328040440925
"66",1.96175087626972
"67",3.52358785685617
"68",4.10455418882341
"69",NA
"70",3.52358785685617
"71",4.14860807340797
"72",2.37277833803963
"73",2.17495927264551
"74",5.14512682369784
"75",1.71063995865128
"76",2.70427519666414
"77",NA
"78",4.34475713389236
"79",4.43779593100917
"80",3.95497463722755
"81",0.939047033153969
"82",NA
"83",1.96175087626972
"84",1.96175087626972
"85",2.39078273515195
"86",3.38589572050038
"87",2.0328040440925
"88",4.53989647631286
"89",4.10455418882341
"90",4.53989647631286
"91",2.17495927264551
"92",NA
"93",NA
"94",2.72515457937213
"95",2.35068956684112
"96",3.03909046407669
"97",3.52358785685617
"98",3.38589572050038
"99",2.22468838451663
"100",NA
"101",2.39078273515195
"102",2.17495927264551
"103",3.52358785685617
"104",3.52358785685617
"105",2.39078273515195
"106",NA
"107",NA
"108",6.51291266424381
"109",5.78062564910553
"110",NA
"111",2.17495927264551
"112",3.52358785685617
"113",4.10455418882341
"114",2.17495927264551
"115",NA
"116",5.01380096648236
"117",5.01380096648236
"118",3.95497463722755
"119",1.43044265215605
"120",NA
"121",2.0328040440925
"122",NA
"123",2.49470644206798
"124",5.52099921452465
"125",1.86846532658764
"126",3.0282196720053
"127",1.96175087626972
"128",NA
"129",4.34475713389236
"130",1.86846532658764
"131",3.38589572050038
"132",4.73054897410946
"133",2.39078273515195
"134",3.11229036552345
"135",2.39078273515195
"136",4.05178485829139
"137",NA
"138",3.38589572050038
"139",7.18959999355424
"140",2.81129173427227
"141",1.86846532658764
"142",4.10455418882341
"143",2.39078273515195
"144",NA
"145",2.72515457937213
"146",1.71063995865128
"147",3.52358785685617
"148",3.95497463722755
"149",6.51291266424381
"150",1.65071812473173
"151",3.22388831327646
"152",2.39078273515195
"153",3.22388831327646
"154",NA
"155",NA
"156",NA
"157",2.81129173427227
"158",5.27373112867443
"159",2.39078273515195
"160",NA
"161",NA
"162",3.52358785685617
"163",NA
"164",4.05178485829139
"165",3.95497463722755
"166",3.38589572050038
"167",4.05178485829139
"168",6.51291266424381
"169",3.22388831327646
"170",NA
"171",5.14512682369784
"172",5.01380096648236
"173",NA
"174",NA
"175",NA
"176",5.78062564910553
"177",4.10455418882341
"178",NA
"179",2.72515457937213
"180",3.52358785685617
"181",2.35068956684112
"182",NA
"183",2.17495927264551
"184",3.22388831327646
"185",3.38589572050038
"186",2.0328040440925
"187",NA
"188",3.52358785685617
"189",NA
"190",NA
"191",5.01380096648236
"192",3.64467807252855
"193",3.85705868783323
"194",2.17495927264551
"195",4.43779593100917
"196",NA
"197",2.70427519666414
"198",2.72515457937213
"199",1.84951804676447
"200",2.37277833803963
"201",NA
"202",5.14512682369784
"203",NA
"204",3.64467807252855
"205",1.96175087626972
"206",4.64411245137364
"207",NA
"208",3.03909046407669
"209",2.51895757143694
"210",NA
"211",NA
"212",2.03628225425939
"213",4.34475713389236
"214",2.0328040440925
"215",5.14512682369784
"216",NA
"217",NA
"218",3.48506264813278
"219",NA
"220",2.17495927264551
"221",2.35068956684112
"222",1.96175087626972
"223",5.14512682369784
"224",NA
"225",3.52358785685617
"226",4.87696639104639
"227",NA
"228",NA
"229",NA
"230",NA
"231",4.05178485829139
"232",2.81129173427227
"233",1.65071812473173
"234",NA
"235",NA
"236",2.17495927264551
"237",1.96175087626972
"238",2.0328040440925
"239",2.37277833803963
"240",3.52358785685617
"241",3.38589572050038
"242",NA
"243",NA
"244",NA
"245",NA
"246",NA
"247",2.38759970512209
"248",2.17495927264551
"249",2.17495927264551
"250",NA
"251",NA
"252",NA
"253",NA
"254",NA
"255",3.85705868783323
"256",6.51291266424381
"257",NA
"258",4.14860807340797
"259",2.39078273515195
"260",NA
"261",4.05178485829139
"262",5.78062564910553
"263",4.05178485829139
"264",2.17495927264551
"265",3.52358785685617
"266",3.22388831327646
"267",2.37277833803963
"268",3.18588225234087
"269",NA
"270",3.85705868783323
"271",NA
"272",3.38589572050038
"273",NA
"274",4.10455418882341
"275",2.44630804397558
"276",4.10455418882341
"277",NA
"278",2.17495927264551
"279",3.38589572050038
"280",2.72515457937213
"281",3.38589572050038
"282",NA
"283",NA
"284",3.65050270791348
"285",3.95497463722755
"286",4.10455418882341
"287",5.14512682369784
"288",6.51291266424381
"289",1.86846532658764
"290",3.38589572050038
"291",NA
"292",2.22468838451663
"293",NA
"294",NA
"295",2.81129173427227
"296",NA
"297",NA
"298",NA
"299",NA
"300",1.86846532658764
"301",4.34475713389236
"302",2.89136101854978
"303",1.71063995865128
"304",3.64467807252855
"305",5.14512682369784
"306",4.10455418882341
"307",2.81129173427227
"308",NA
"309",2.70427519666414
"310",NA
"311",2.72515457937213
"312",2.86985534681481
"313",2.0328040440925
"314",4.05178485829139
"315",1.43044265215605
"316",3.38589572050038
"317",NA
"318",NA
"319",2.72515457937213
"320",NA
"321",3.26031645145353
"322",1.96175087626972
"323",4.05178485829139
"324",4.10455418882341
"325",NA
"326",NA
"327",7.35836879914137
"328",4.64411245137364
"329",NA
"330",NA
"331",5.64978075005027
"332",4.34475713389236
"333",2.37277833803963
"334",2.81129173427227
"335",5.64978075005027
"336",3.95497463722755
"337",3.64467807252855
"338",NA
"339",NA
"340",NA
"341",4.05178485829139
"342",5.64978075005027
"343",3.64467807252855
"344",3.95497463722755
"345",3.18588225234087
"346",4.53989647631286
"347",3.64467807252855
"348",2.37277833803963
"349",3.64467807252855
"350",3.18588225234087
"351",2.39078273515195
"352",2.81129173427227
"353",2.0328040440925
"354",2.81129173427227
"355",3.52358785685617
"356",4.05178485829139
"357",1.05474711130987
"358",2.37277833803963
"359",2.39078273515195
"360",3.45570373640257
"361",5.64978075005027
"362",2.39078273515195
"363",4.14860807340797
"364",1.71063995865128
"365",NA
"366",NA
"367",2.39078273515195
"368",NA
"369",4.34475713389236
"370",3.38589572050038
"371",4.34475713389236
"372",NA
"373",2.35068956684112
"374",2.72515457937213
"375",1.65071812473173
"376",3.18588225234087
"377",2.17495927264551
"378",6.32500689860188
"379",2.37277833803963
"380",4.05178485829139
"381",2.0328040440925
"382",3.64467807252855
"383",4.05178485829139
"384",2.70427519666414
"385",2.17495927264551
"386",3.38589572050038
"387",5.01380096648236
"388",3.95497463722755
"389",0.298556915030549
"390",2.39078273515195
"391",NA
"392",1.43044265215605
"393",2.0328040440925
"394",2.50059638485009
"395",4.34475713389236
"396",NA
"397",4.34475713389236
"398",6.32500689860188
"399",2.72515457937213
"400",3.52358785685617
"401",2.72515457937213
"402",NA
"403",1.96175087626972
"404",4.05178485829139
"405",NA
"406",4.05178485829139
"407",4.54532660446142
"408",3.38589572050038
"409",3.52358785685617
"410",3.64467807252855
"411",NA
"412",2.39078273515195
"413",2.39078273515195
"414",3.95497463722755
"415",4.43779593100917
"416",2.37277833803963
"417",7.18959999355424
"418",NA
"419",4.10455418882341
"420",NA
"421",NA
"422",2.39078273515195
"423",2.73119954617874
"424",NA
"425",2.0328040440925
"426",2.39078273515195
"427",3.26031645145353
"428",NA
"429",4.53989647631286
"430",4.56871023496925
"431",6.11995379748403
"432",4.71791064180408
"433",1.86846532658764
"434",NA
"435",1.96175087626972
"436",2.0328040440925
"437",2.0328040440925
"438",4.53989647631286
"439",NA
"440",2.17495927264551
"441",1.40030853442918
"442",5.14512682369784
"443",2.81129173427227
"444",1.71063995865128
"445",4.54532660446142
"446",2.39078273515195
"447",NA
"448",3.22388831327646
"449",NA
"450",4.54532660446142
"451",0.939047033153969
"452",3.52358785685617
"453",NA
"454",NA
"455",2.72515457937213
"456",3.64467807252855
"457",NA
"458",2.17495927264551
"459",5.01380096648236
"460",3.03909046407669
"461",5.14512682369784
"462",3.52358785685617
"463",NA
"464",3.38589572050038
"465",3.38589572050038
"466",NA
"467",1.71063995865128
"468",4.34475713389236
"469",3.65050270791348
"470",2.96788261303183
"471",NA
"472",1.43044265215605
"473",NA
"474",2.81129173427227
"475",NA
"476",2.49470644206798
"477",3.95497463722755
"478",4.05178485829139
"479",4.10455418882341
"480",2.81129173427227
"481",2.16593931061891
"482",NA
"483",5.01380096648236
"484",NA
"485",0.939047033153969
"486",NA
"487",2.89136101854978
"488",NA
"489",NA
"490",NA
"491",NA
"492",NA
"493",5.14512682369784
"494",3.38589572050038
"495",NA
"496",3.52358785685617
"497",2.81129173427227
"498",NA
"499",4.10455418882341
"500",3.52358785685617
"501",NA
"502",NA
"503",1.86846532658764
"504",3.52358785685617
"505",3.52358785685617
"506",2.72515457937213
"507",2.17495927264551
"508",2.39078273515195
"509",5.14512682369784
"510",4.34475713389236
"511",3.52358785685617
"512",2.0328040440925
"513",NA
"514",5.14512682369784
"515",5.14512682369784
"516",2.72515457937213
"517",4.34475713389236
"518",3.81182217168693
"519",3.26031645145353
"520",3.38589572050038
"521",2.39078273515195
"522",1.86846532658764
"523",NA
"524",1.40030853442918
"525",4.14860807340797
"526",4.10455418882341
"527",2.0328040440925
"528",4.14860807340797
"529",2.72515457937213
"530",NA
"531",5.01380096648236
"532",3.52358785685617
"533",3.38589572050038
"534",NA
"535",5.14512682369784
"536",NA
"537",3.52358785685617
"538",4.05178485829139
"539",NA
"540",NA
"541",3.11229036552345
"542",NA
"543",NA
"544",1.40030853442918
"545",2.89136101854978
"546",NA
"547",5.19139798754309
"548",NA
"549",2.39078273515195
"550",2.0328040440925
"551",3.22388831327646
"552",5.39378067959874
"553",1.002669629589
"554",3.95497463722755
"555",0.543013338292673
"556",NA
"557",2.89136101854978
"558",NA
"559",3.52358785685617
"560",NA
"561",3.85705868783323
"562",2.0328040440925
"563",NA
"564",2.22468838451663
"565",3.38589572050038
"566",2.62935535460519
"567",NA
"568",2.39078273515195
"569",NA
"570",4.14860807340797
"571",3.52358785685617
"572",3.22388831327646
"573",3.62194165244369
"574",1.86846532658764
"575",7.35836879914137
"576",5.27373112867443
"577",2.72515457937213
"578",NA
"579",5.14512682369784
"580",4.05178485829139
"581",1.43044265215605
"582",2.39078273515195
"583",3.95497463722755
"584",NA
"585",4.43779593100917
"586",4.10455418882341
"587",1.86846532658764
"588",5.64978075005027
"589",2.86985534681481
"590",NA
"591",5.01380096648236
"592",3.38589572050038
"593",4.14860807340797
"594",3.38589572050038
"595",2.72515457937213
"596",NA
"597",3.18588225234087
"598",3.38589572050038
"599",2.50059638485009
"600",2.17495927264551
"601",NA
"602",NA
"603",1.86846532658764
"604",0.939047033153969
"605",1.43044265215605
"606",0.939047033153969
"607",2.0328040440925
"608",1.51016765124146
"609",NA
"610",5.01380096648236
"611",NA
"612",3.52358785685617
"613",2.72515457937213
"614",NA
"615",NA
"616",4.75371482539084
"617",5.64978075005027
"618",6.51291266424381
"619",NA
"620",NA
"621",NA
"622",NA
"623",4.05178485829139
"624",5.14512682369784
"625",NA
"626",3.64467807252855
"627",4.87696639104639
"628",4.73054897410946
"629",2.39078273515195
"630",3.38589572050038
"631",1.84951804676447
"632",5.14512682369784
"633",NA
"634",3.38589572050038
"635",2.17495927264551
"636",3.52358785685617
"637",3.38589572050038
"638",5.91388571113206
"639",NA
"640",NA
"641",NA
"642",3.85705868783323
"643",NA
"644",2.17495927264551
"645",NA
"646",NA
"647",5.14512682369784
"648",5.64978075005027
"649",NA
"650",6.32500689860188
"651",4.14860807340797
"652",5.52099921452465
"653",4.34475713389236
"654",4.87696639104639
"655",2.39078273515195
"656",5.14512682369784
"657",NA
"658",NA
"659",NA
"660",NA
"661",2.96788261303183
"662",1.96175087626972
"663",3.64467807252855
"664",5.14512682369784
"665",3.75638086741443
"666",NA
"667",1.65071812473173
"668",3.95497463722755
"669",3.95497463722755
"670",NA
"671",2.49470644206798
"672",1.86846532658764
"673",2.72515457937213
"674",2.81129173427227
"675",1.65071812473173
"676",4.05178485829139
"677",4.05178485829139
"678",2.35068956684112
"679",2.39078273515195
"680",NA
"681",3.38589572050038
"682",2.0328040440925
"683",3.81182217168693
"684",4.43779593100917
"685",4.53989647631286
"686",3.75638086741443
"687",NA
"688",2.37277833803963
"689",5.14512682369784
"690",3.52358785685617
"691",2.70427519666414
"692",5.14512682369784
"693",1.71063995865128
"694",3.38589572050038
"695",3.53588162915199
"696",2.89136101854978
"697",4.75371482539084
"698",1.86846532658764
"699",1.86846532658764
"700",2.39078273515195
"701",NA
"702",NA
"703",1.71063995865128
"704",3.64467807252855
"705",3.75638086741443
"706",2.39078273515195
"707",3.03909046407669
"708",NA
"709",2.39078273515195
"710",3.64467807252855
"711",2.72515457937213
"712",4.34475713389236
"713",NA
"714",NA
"715",3.64467807252855
"716",4.53989647631286
"717",NA
"718",2.86985534681481
"719",4.73054897410946
"720",2.81129173427227
"721",2.17495927264551
"722",2.70427519666414
"723",NA
"724",2.39078273515195
"725",NA
"726",NA
"727",NA
"728",NA
"729",2.89136101854978
"730",5.64978075005027
"731",NA
"732",3.38589572050038
"733",3.11229036552345
"734",2.0328040440925
"735",3.38589572050038
"736",2.81129173427227
"737",4.05178485829139
"738",NA
"739",4.73054897410946
"740",2.39078273515195
"741",3.22388831327646
"742",3.52358785685617
"743",4.34475713389236
"744",2.81129173427227
"745",2.39078273515195
"746",3.11229036552345
"747",1.96175087626972
"748",NA
"749",2.72515457937213
"750",NA
"751",2.37277833803963
"752",1.40030853442918
"753",1.40030853442918
"754",3.11229036552345
"755",NA
"756",3.38589572050038
"757",3.18588225234087
"758",3.22388831327646
"759",3.03330425409136
"760",1.86846532658764
"761",NA
"762",NA
"763",2.39078273515195
"764",1.27560289949022
"765",4.34475713389236
"766",4.14860807340797
"767",3.38589572050038
"768",3.52358785685617
"769",NA
"770",3.38589572050038
"771",2.37277833803963
"772",6.11995379748403
"773",4.34475713389236
"774",2.0328040440925
"775",3.95497463722755
"776",5.01380096648236
"777",2.89136101854978
"778",1.86846532658764
"779",1.27560289949022
"780",NA
"781",4.64411245137364
"782",4.53989647631286
"783",2.17495927264551
"784",3.95497463722755
"785",4.43779593100917
"786",3.38589572050038
"787",1.40030853442918
"788",4.10455418882341
"789",NA
"790",3.38589572050038
"791",4.34475713389236
"792",3.52358785685617
"793",5.14512682369784
"794",NA
"795",4.05178485829139
"796",5.14512682369784
"797",1.86846532658764
"798",5.14512682369784
"799",NA
"800",NA
"801",3.52358785685617
"802",5.01380096648236
"803",NA
"804",3.38589572050038
"805",2.70427519666414
"806",5.01380096648236
"807",2.0328040440925
"808",2.17495927264551
"809",2.0328040440925
"810",3.52358785685617
"811",NA
"812",2.0328040440925
"813",3.52358785685617
"814",NA
"815",2.39078273515195
"816",5.84563200282099
"817",NA
"818",2.16593931061891
"819",NA
"820",5.14512682369784
"821",NA
"822",1.002669629589
"823",4.34475713389236
"824",2.70427519666414
"825",5.78062564910553
"826",2.37277833803963
"827",NA
"828",1.86846532658764
"829",4.05178485829139
"830",2.35068956684112
"831",5.01380096648236
"832",6.51291266424381
"833",NA
"834",5.27373112867443
"835",2.70427519666414
"836",3.52358785685617
"837",NA
"838",NA
"839",1.96175087626972
"840",2.37277833803963
"841",5.14512682369784
"842",5.01380096648236
"843",3.38589572050038
"844",2.72515457937213
"845",0.662077384463354
"846",5.01380096648236
"847",3.52358785685617
"848",2.39078273515195
"849",NA
"850",0.662077384463354
"851",3.52358785685617
"852",NA
"853",1.86846532658764
"854",3.52358785685617
"855",2.81129173427227
"856",1.27560289949022
"857",1.96175087626972
"858",4.05178485829139
"859",NA
"860",2.39078273515195
"861",1.002669629589
"862",5.14512682369784
"863",1.96175087626972
"864",2.35068956684112
"865",5.14512682369784
"866",3.95497463722755
"867",NA
"868",NA
"869",1.86846532658764
"870",2.22468838451663
"871",NA
"872",2.70427519666414
"873",2.81129173427227
"874",NA
"875",3.95497463722755
"876",2.81129173427227
"877",NA
"878",0.939047033153969
"879",NA
"880",2.0328040440925
"881",4.10455418882341
"882",4.05178485829139
"883",5.14512682369784
"884",2.17495927264551
"885",NA
"886",NA
"887",1.96175087626972
"888",NA
"889",3.81182217168693
"890",3.52358785685617
"891",1.96175087626972
"892",3.64467807252855
"893",NA
"894",4.05178485829139
"895",NA
"896",2.62935535460519
"897",2.39078273515195
"898",1.71063995865128
"899",3.22388831327646
"900",NA
"901",1.14025087938204
"902",1.73209898183812
"903",3.52358785685617
"904",1.65071812473173
"905",5.78062564910553
"906",1.84951804676447
"907",2.17495927264551
"908",5.14512682369784
"909",5.01380096648236
"910",3.38589572050038
"911",NA
"912",4.10455418882341
"913",1.71063995865128
"914",3.81182217168693
"915",2.0328040440925
"916",3.95497463722755
"917",6.69042654929144
"918",NA
"919",NA
"920",5.78062564910553
"921",3.38589572050038
"922",3.38589572050038
"923",5.52099921452465
"924",1.96175087626972
"925",NA
"926",2.0328040440925
"927",3.52358785685617
"928",4.14860807340797
"929",2.39078273515195
"930",2.17495927264551
"931",3.64467807252855
"932",1.71063995865128
"933",NA
"934",2.0328040440925
"935",1.58875298364456
"936",1.86846532658764
"937",2.72515457937213
"938",2.17495927264551
"939",4.38336549646154
"940",3.22388831327646
"941",1.65071812473173
"942",3.52358785685617
"943",1.73209898183812
"944",NA
"945",1.96175087626972
"946",7.02234211327985
"947",NA
"948",5.40150141503716
"949",3.22388831327646
"950",5.78062564910553
"951",2.81129173427227
"952",3.64467807252855
"953",3.52358785685617
"954",NA
"955",NA
"956",1.84951804676447
"957",2.39078273515195
"958",4.05178485829139
"959",3.38589572050038
"960",2.0328040440925
"961",7.18959999355424
"962",4.05178485829139
"963",NA
"964",NA
"965",NA
"966",4.10455418882341
"967",3.22388831327646
"968",NA
"969",4.34475713389236
"970",3.38589572050038
"971",4.64411245137364
"972",2.89136101854978
"973",3.95497463722755
"974",3.18588225234087
"975",5.78062564910553
"976",NA
"977",2.81129173427227
"978",4.33765016786524
"979",NA
"980",3.18588225234087
"981",1.86846532658764
"982",5.14512682369784
"983",NA
"984",3.95497463722755
"985",3.38589572050038
"986",4.34475713389236
"987",NA
"988",3.52358785685617
"989",2.70427519666414
"990",2.17495927264551
"991",4.43779593100917
"992",NA
"993",2.39078273515195
"994",2.39078273515195
"995",2.35068956684112
"996",3.95497463722755
"997",NA
"998",4.05178485829139
"999",1.65071812473173
"1000",3.52358785685617
"1001",3.38589572050038
"1002",2.39078273515195
"1003",1.51016765124146
"1004",7.02234211327985
"1005",2.37277833803963
"1006",NA
"1007",4.10455418882341
"1008",5.52099921452465
"1009",2.39078273515195
"1010",2.17495927264551
"1011",1.65071812473173
"1012",4.14860807340797
"1013",NA
"1014",2.0328040440925
"1015",3.95497463722755
"1016",1.65071812473173
"1017",3.52358785685617
"1018",5.01380096648236
"1019",2.16358418277496
"1020",4.34475713389236
"1021",2.86985534681481
"1022",3.38589572050038
"1023",2.17495927264551
"1024",3.0282196720053
"1025",1.96175087626972
"1026",4.10455418882341
"1027",NA
"1028",3.03909046407669
"1029",3.52358785685617
"1030",NA
"1031",6.69042654929144
"1032",2.39078273515195
"1033",NA
"1034",NA
"1035",4.05178485829139
"1036",3.52358785685617
"1037",4.10455418882341
"1038",2.70427519666414
"1039",NA
"1040",2.17495927264551
"1041",2.81129173427227
"1042",2.22468838451663
"1043",4.05178485829139
"1044",3.85705868783323
"1045",3.52358785685617
"1046",2.44630804397558
"1047",5.01380096648236
"1048",1.65071812473173
"1049",3.22388831327646
"1050",2.17495927264551
"1051",1.71063995865128
"1052",3.38589572050038
"1053",NA
"1054",2.0328040440925
"1055",4.54532660446142
"1056",3.52358785685617
"1057",1.96175087626972
"1058",NA
"1059",NA
"1060",2.17495927264551
"1061",2.35068956684112
"1062",NA
"1063",5.14512682369784
"1064",1.96175087626972
"1065",2.39078273515195
"1066",NA
"1067",NA
"1068",1.96175087626972
"1069",NA
"1070",2.39078273515195
"1071",3.38589572050038
"1072",3.75638086741443
"1073",4.87696639104639
"1074",4.34475713389236
"1075",NA
"1076",1.94642360325405
"1077",5.01380096648236
"1078",3.52358785685617
"1079",2.33777752847715
"1080",4.05178485829139
"1081",1.71063995865128
"1082",3.85705868783323
"1083",NA
"1084",6.51291266424381
"1085",3.38589572050038
"1086",NA
"1087",3.52358785685617
"1088",2.0328040440925
"1089",2.81129173427227
"1090",2.72515457937213
"1091",NA
"1092",3.18588225234087
"1093",2.39078273515195
"1094",4.10455418882341
"1095",1.58875298364456
"1096",NA
"1097",NA
"1098",3.64467807252855
"1099",NA
"1100",NA
"1101",1.86846532658764
"1102",3.52358785685617
"1103",NA
"1104",4.56871023496925
"1105",2.81129173427227
"1106",5.01380096648236
"1107",3.64467807252855
"1108",4.10455418882341
"1109",1.86846532658764
"1110",5.01380096648236
"1111",2.07455461975235
"1112",2.0328040440925
"1113",NA
"1114",4.53989647631286
"1115",NA
"1116",2.81129173427227
"1117",2.86985534681481
"1118",5.01380096648236
"1119",2.39078273515195
"1120",3.52358785685617
"1121",3.52358785685617
"1122",NA
"1123",1.96175087626972
"1124",NA
"1125",4.05178485829139
"1126",4.10455418882341
"1127",NA
"1128",2.81129173427227
"1129",NA
"1130",3.38589572050038
"1131",NA
"1132",5.55000454260535
"1133",NA
"1134",NA
"1135",2.72515457937213
"1136",NA
"1137",1.86846532658764
"1138",NA
"1139",1.73209898183812
"1140",NA
"1141",3.85705868783323
"1142",6.32500689860188
"1143",2.35068956684112
"1144",NA
"1145",2.39078273515195
"1146",3.38589572050038
"1147",NA
"1148",7.35836879914137
"1149",3.95497463722755
"1150",5.27373112867443
"1151",3.18588225234087
"1152",1.71063995865128
"1153",5.26739865900326
"1154",2.0328040440925
"1155",3.95497463722755
"1156",4.34475713389236
"1157",2.81129173427227
"1158",4.34475713389236
"1159",4.05178485829139
"1160",3.64467807252855
"1161",5.14512682369784
"1162",0.712608847550334
"1163",6.11995379748403
"1164",NA
"1165",2.62935535460519
"1166",4.34475713389236
"1167",2.0328040440925
"1168",5.78062564910553
"1169",5.14512682369784
"1170",3.95497463722755
"1171",5.01380096648236
"1172",2.17495927264551
"1173",NA
"1174",3.52358785685617
"1175",2.28162507017149
"1176",0.939047033153969
"1177",1.96175087626972
"1178",5.78062564910553
"1179",3.52358785685617
"1180",4.75371482539084
"1181",NA
"1182",5.14512682369784
"1183",2.62935535460519
"1184",1.86846532658764
"1185",1.96175087626972
"1186",7.18959999355424
"1187",NA
"1188",3.95497463722755
"1189",2.17495927264551
"1190",NA
"1191",1.65071812473173
"1192",4.34475713389236
"1193",2.39078273515195
"1194",3.64467807252855
"1195",NA
"1196",1.96175087626972
"1197",3.52358785685617
"1198",5.91388571113206
"1199",2.72515457937213
"1200",3.38589572050038
"1201",5.01380096648236
"1202",2.89136101854978
"1203",2.70427519666414
"1204",2.37277833803963
"1205",NA
"1206",3.38589572050038
"1207",3.38589572050038
"1208",2.89136101854978
"1209",5.78062564910553
"1210",3.95497463722755
"1211",2.22795157504012
"1212",3.52358785685617
"1213",2.0328040440925
"1214",2.17495927264551
"1215",3.18588225234087
"1216",NA
"1217",NA
"1218",NA
"1219",3.22388831327646
"1220",0.45061461367306
"1221",2.35068956684112
"1222",2.0328040440925
"1223",NA
"1224",NA
"1225",NA
"1226",2.70427519666414
"1227",5.78062564910553
"1228",NA
"1229",4.43779593100917
"1230",2.39078273515195
"1231",3.03909046407669
"1232",NA
"1233",3.52358785685617
"1234",2.81129173427227
"1235",3.64467807252855
"1236",NA
"1237",2.81129173427227
"1238",2.70427519666414
"1239",1.27560289949022
"1240",3.52358785685617
"1241",7.02234211327985
"1242",2.35068956684112
"1243",4.43779593100917
"1244",NA
"1245",1.86846532658764
"1246",5.14512682369784
"1247",3.03330425409136
"1248",2.0328040440925
"1249",NA
"1250",0.302171101779486
"1251",3.85705868783323
"1252",NA
"1253",2.39078273515195
"1254",3.64467807252855
"1255",1.40030853442918
"1256",5.14512682369784
"1257",4.05178485829139
"1258",NA
"1259",3.38589572050038
"1260",5.14512682369784
"1261",4.05178485829139
"1262",3.38589572050038
"1263",2.39078273515195
"1264",4.05178485829139
"1265",2.0328040440925
"1266",NA
"1267",2.0328040440925
"1268",3.52358785685617
"1269",NA
"1270",5.26739865900326
"1271",2.0328040440925
"1272",NA
"1273",2.17495927264551
"1274",2.22468838451663
"1275",2.55666336544421
"1276",4.10455418882341
"1277",2.35068956684112
"1278",3.38589572050038
"1279",3.85705868783323
"1280",NA
"1281",2.17495927264551
"1282",2.0328040440925
"1283",2.81129173427227
"1284",1.71063995865128
"1285",NA
"1286",3.38589572050038
"1287",NA
"1288",NA
"1289",2.81129173427227
"1290",NA
"1291",3.38589572050038
"1292",3.22388831327646
"1293",NA
"1294",3.81182217168693
"1295",NA
"1296",4.34475713389236
"1297",3.38589572050038
"1298",NA
"1299",2.70427519666414
"1300",2.17495927264551
"1301",4.53989647631286
"1302",1.96175087626972
"1303",4.75371482539084
"1304",3.81182217168693
"1305",3.64467807252855
"1306",NA
"1307",3.52358785685617
"1308",2.39078273515195
"1309",2.44630804397558
"1310",3.18588225234087
"1311",3.33590225273231
"1312",NA
"1313",4.54532660446142
"1314",3.18588225234087
"1315",4.34475713389236
"1316",NA
"1317",3.22388831327646
"1318",2.39078273515195
"1319",NA
"1320",4.34475713389236
"1321",NA
"1322",2.72515457937213
"1323",5.01380096648236
"1324",1.58875298364456
"1325",4.14860807340797
"1326",NA
"1327",NA
"1328",2.07455461975235
"1329",2.35068956684112
"1330",NA
"1331",4.23924229418055
"1332",5.14512682369784
"1333",3.52358785685617
"1334",4.56871023496925
"1335",7.18959999355424
"1336",2.17495927264551
"1337",3.95497463722755
"1338",NA
"1339",3.52358785685617
"1340",NA
"1341",2.39078273515195
"1342",3.95497463722755
"1343",4.10455418882341
"1344",4.10455418882341
"1345",3.52358785685617
"1346",3.52358785685617
"1347",4.34475713389236
"1348",4.10455418882341
"1349",6.32500689860188
"1350",2.81129173427227
"1351",NA
"1352",2.72515457937213
"1353",4.53989647631286
"1354",4.34475713389236
"1355",2.35068956684112
"1356",NA
"1357",NA
"1358",5.14512682369784
"1359",3.52358785685617
"1360",2.81129173427227
"1361",3.52358785685617
"1362",2.22468838451663
"1363",4.05178485829139
"1364",5.64978075005027
"1365",6.32500689860188
"1366",2.81129173427227
"1367",2.72515457937213
"1368",NA
"1369",2.17495927264551
"1370",5.84563200282099
"1371",2.37277833803963
"1372",2.39078273515195
"1373",3.38589572050038
"1374",2.17495927264551
"1375",NA
"1376",NA
"1377",4.24620082433421
"1378",2.72515457937213
"1379",1.65071812473173
"1380",NA
"1381",1.94642360325405
"1382",3.38589572050038
"1383",5.78062564910553
"1384",1.43044265215605
"1385",4.53989647631286
"1386",NA
"1387",1.27560289949022
"1388",5.27373112867443
"1389",2.17495927264551
"1390",4.54532660446142
"1391",3.03909046407669
"1392",1.96175087626972
"1393",NA
"1394",5.01380096648236
"1395",3.52358785685617
"1396",NA
"1397",3.38589572050038
"1398",2.39078273515195
"1399",2.39078273515195
"1400",2.39078273515195
"1401",3.52358785685617
"1402",2.0328040440925
"1403",7.35836879914137
"1404",2.89136101854978
"1405",4.05178485829139
"1406",1.86846532658764
"1407",NA
"1408",3.52358785685617
"1409",3.38589572050038
"1410",NA
"1411",NA
"1412",2.22468838451663
"1413",3.0282196720053
"1414",4.05178485829139
"1415",NA
"1416",NA
"1417",3.64467807252855
"1418",NA
"1419",NA
"1420",3.64467807252855
"1421",3.81182217168693
"1422",2.39078273515195
"1423",2.17495927264551
"1424",NA
"1425",3.38589572050038
"1426",2.17495927264551
"1427",4.14860807340797
"1428",3.18588225234087
"1429",NA
"1430",NA
"1431",1.71063995865128
"1432",NA
"1433",1.96175087626972
"1434",5.64978075005027
"1435",4.34475713389236
"1436",4.05178485829139
"1437",3.95497463722755
"1438",NA
"1439",5.01380096648236
"1440",4.75371482539084
"1441",4.05178485829139
"1442",3.18588225234087
"1443",4.05178485829139
"1444",4.05178485829139
"1445",NA
"1446",1.73209898183812
"1447",4.75371482539084
"1448",NA
"1449",1.96175087626972
"1450",3.0282196720053
"1451",4.34475713389236
"1452",3.64467807252855
"1453",1.65071812473173
"1454",0.304006123872691
"1455",NA
"1456",2.0328040440925
"1457",NA
"1458",NA
"1459",2.22468838451663
"1460",1.86846532658764
"1461",4.34475713389236
"1462",2.37277833803963
"1463",2.17495927264551
"1464",1.86846532658764
"1465",2.39078273515195
"1466",3.81182217168693
"1467",2.17495927264551
"1468",2.71752168677094
"1469",2.17495927264551
"1470",1.96175087626972
"1471",3.22388831327646
"1472",NA
"1473",2.37277833803963
"1474",1.86846532658764
"1475",4.05178485829139
"1476",2.89136101854978
"1477",4.05178485829139
"1478",NA
"1479",NA
"1480",3.22388831327646
"1481",3.52358785685617
"1482",2.16593931061891
"1483",NA
"1484",1.96175087626972
"1485",NA
"1486",2.37277833803963
"1487",3.38589572050038
"1488",2.0328040440925
"1489",3.11229036552345
"1490",2.70427519666414
"1491",NA
"1492",NA
"1493",NA
"1494",2.39078273515195
"1495",NA
"1496",NA
"1497",4.75371482539084
"1498",3.52358785685617
"1499",5.14512682369784
"1500",2.89136101854978
"1501",NA
"1502",3.85705868783323
"1503",NA
"1504",0.45061461367306
"1505",NA
"1506",1.65071812473173
"1507",1.96175087626972
"1508",NA
"1509",1.96175087626972
"1510",2.17495927264551
"1511",3.38589572050038
"1512",1.65071812473173
"1513",NA
"1514",6.51291266424381
"1515",6.11995379748403
"1516",4.05178485829139
"1517",NA
"1518",5.27373112867443
"1519",4.10455418882341
"1520",2.72515457937213
"1521",NA
"1522",NA
"1523",2.0328040440925
"1524",5.14512682369784
"1525",4.10455418882341
"1526",NA
"1527",NA
"1528",3.11229036552345
"1529",NA
"1530",3.85705868783323
"1531",NA
"1532",NA
"1533",5.14512682369784
"1534",3.75638086741443
"1535",2.72515457937213
"1536",6.32500689860188
"1537",NA
"1538",4.05178485829139
"1539",2.0328040440925
"1540",1.65071812473173
"1541",4.10455418882341
"1542",3.11229036552345
"1543",3.11229036552345
"1544",3.11229036552345
"1545",NA
"1546",3.38589572050038
"1547",4.10455418882341
"1548",2.72515457937213
"1549",2.81129173427227
"1550",7.35836879914137
"1551",3.52358785685617
"1552",3.81182217168693
"1553",2.89136101854978
"1554",2.16593931061891
"1555",3.26031645145353
"1556",3.52358785685617
"1557",2.17495927264551
"1558",2.81129173427227
"1559",5.14512682369784
"1560",3.0282196720053
"1561",NA
"1562",3.95497463722755
"1563",1.96175087626972
"1564",1.96175087626972
"1565",3.52358785685617
"1566",2.17495927264551
"1567",NA
"1568",5.78062564910553
"1569",1.84951804676447
"1570",5.14512682369784
"1571",2.49470644206798
"1572",3.38589572050038
"1573",NA
"1574",6.32500689860188
"1575",2.70427519666414
"1576",2.0328040440925
"1577",NA
"1578",3.22388831327646
"1579",3.38589572050038
"1580",NA
"1581",4.05178485829139
"1582",1.86846532658764
"1583",3.52358785685617
"1584",1.96175087626972
"1585",2.05587322419301
"1586",5.01380096648236
"1587",2.0328040440925
"1588",3.38589572050038
"1589",4.10455418882341
"1590",3.95497463722755
"1591",2.39078273515195
"1592",0.939047033153969
"1593",4.05178485829139
"1594",2.39078273515195
"1595",3.38589572050038
"1596",4.05178485829139
"1597",3.45570373640257
"1598",1.86846532658764
"1599",3.22388831327646
"1600",3.38589572050038
"1601",NA
"1602",3.64467807252855
"1603",2.37277833803963
"1604",5.14512682369784
"1605",NA
"1606",3.64467807252855
"1607",1.65071812473173
"1608",NA
"1609",4.05178485829139
"1610",3.95497463722755
"1611",NA
"1612",NA
"1613",5.01380096648236
"1614",1.65071812473173
"1615",NA
"1616",2.89136101854978
"1617",3.11229036552345
"1618",4.10455418882341
"1619",1.84951804676447
"1620",3.03330425409136
"1621",2.17495927264551
"1622",3.52358785685617
"1623",NA
"1624",5.19139798754309
"1625",1.96175087626972
"1626",NA
"1627",3.65050270791348
"1628",3.52358785685617
"1629",5.01380096648236
"1630",3.38589572050038
"1631",4.14860807340797
"1632",NA
"1633",2.17495927264551
"1634",1.96175087626972
"1635",5.14512682369784
"1636",5.14512682369784
"1637",2.17495927264551
"1638",2.72515457937213
"1639",2.89136101854978
"1640",4.10455418882341
"1641",NA
"1642",2.89136101854978
"1643",4.10455418882341
"1644",2.39078273515195
"1645",1.86846532658764
"1646",NA
"1647",3.38589572050038
"1648",5.78062564910553
"1649",3.26031645145353
"1650",5.14512682369784
"1651",3.52358785685617
"1652",NA
"1653",6.69042654929144
"1654",5.14512682369784
"1655",3.95497463722755
"1656",2.17495927264551
"1657",2.17495927264551
"1658",4.10455418882341
"1659",4.05178485829139
"1660",2.89136101854978
"1661",1.96175087626972
"1662",1.96175087626972
"1663",0.939047033153969
"1664",3.18588225234087
"1665",1.73209898183812
"1666",3.45570373640257
"1667",4.05178485829139
"1668",2.35068956684112
"1669",NA
"1670",1.73209898183812
"1671",2.39078273515195
"1672",3.64467807252855
"1673",5.91388571113206
"1674",2.0328040440925
"1675",NA
"1676",1.96175087626972
"1677",4.64411245137364
"1678",2.0328040440925
"1679",4.10455418882341
"1680",2.72515457937213
"1681",2.0328040440925
"1682",5.64978075005027
"1683",NA
"1684",3.75638086741443
"1685",3.52358785685617
"1686",2.37277833803963
"1687",2.81346444913186
"1688",2.17495927264551
"1689",NA
"1690",NA
"1691",4.34475713389236
"1692",2.71752168677094
"1693",2.72515457937213
"1694",NA
"1695",NA
"1696",3.52358785685617
"1697",4.05178485829139
"1698",2.0328040440925
"1699",2.50316589795126
"1700",6.32500689860188
"1701",6.51291266424381
"1702",2.35068956684112
"1703",2.81129173427227
"1704",3.95497463722755
"1705",3.95497463722755
"1706",NA
"1707",2.0328040440925
"1708",2.0328040440925
"1709",2.35068956684112
"1710",4.14860807340797
"1711",5.01380096648236
"1712",5.14512682369784
"1713",4.05178485829139
"1714",4.05178485829139
"1715",NA
"1716",NA
"1717",4.34475713389236
"1718",2.39078273515195
"1719",5.78062564910553
"1720",2.17495927264551
"1721",2.81129173427227
"1722",2.17495927264551
"1723",NA
"1724",2.37277833803963
"1725",3.52358785685617
"1726",3.52358785685617
"1727",4.10455418882341
"1728",5.40150141503716
"1729",6.04981563993608
"1730",3.95497463722755
"1731",2.39078273515195
"1732",3.03909046407669
"1733",2.17495927264551
"1734",4.34475713389236
"1735",2.39078273515195
"1736",3.52358785685617
"1737",2.96561920215939
"1738",NA
"1739",2.39078273515195
"1740",NA
"1741",5.01380096648236
"1742",3.95497463722755
"1743",NA
"1744",4.10455418882341
"1745",2.39078273515195
"1746",3.52358785685617
"1747",1.71063995865128
"1748",4.05178485829139
"1749",3.38589572050038
"1750",1.43044265215605
"1751",2.17495927264551
"1752",2.81129173427227
"1753",2.89136101854978
"1754",4.87696639104639
"1755",5.27373112867443
"1756",3.64467807252855
"1757",2.81129173427227
"1758",2.72515457937213
"1759",1.71063995865128
"1760",1.40030853442918
"1761",2.39078273515195
"1762",4.34475713389236
"1763",NA
"1764",3.95497463722755
"1765",NA
"1766",5.39378067959874
"1767",1.96175087626972
"1768",4.34475713389236
"1769",NA
"1770",NA
"1771",4.05178485829139
"1772",5.14512682369784
"1773",1.96175087626972
"1774",NA
"1775",2.37277833803963
"1776",2.72515457937213
"1777",2.62935535460519
"1778",5.19139798754309
"1779",3.52358785685617
"1780",4.34475713389236
"1781",NA
"1782",2.0328040440925
"1783",1.27560289949022
"1784",NA
"1785",NA
"1786",4.64411245137364
"1787",3.56498705677643
"1788",NA
"1789",NA
"1790",3.52358785685617
"1791",3.18588225234087
"1792",0.625848789835245
"1793",NA
"1794",NA
"1795",1.71063995865128
"1796",NA
"1797",NA
"1798",4.34475713389236
"1799",3.22388831327646
"1800",3.64467807252855
"1801",4.43779593100917
"1802",3.48506264813278
"1803",3.64467807252855
"1804",NA
"1805",5.78062564910553
"1806",6.32500689860188
"1807",5.64978075005027
"1808",4.10455418882341
"1809",2.39078273515195
"1810",6.51291266424381
"1811",2.0328040440925
"1812",3.38589572050038
"1813",1.43044265215605
"1814",NA
"1815",2.0328040440925
"1816",NA
"1817",3.52358785685617
"1818",3.52358785685617
"1819",NA
"1820",2.37277833803963
"1821",5.01380096648236
"1822",3.38589572050038
"1823",4.34475713389236
"1824",5.14512682369784
"1825",4.05178485829139
"1826",2.72515457937213
"1827",3.38589572050038
"1828",NA
"1829",NA
"1830",3.38589572050038
"1831",6.51291266424381
"1832",4.43779593100917
"1833",2.0328040440925
"1834",2.72515457937213
"1835",3.52358785685617
"1836",NA
"1837",1.002669629589
"1838",NA
"1839",4.05178485829139
"1840",NA
"1841",3.22388831327646
"1842",3.11229036552345
"1843",5.14512682369784
"1844",2.39078273515195
"1845",2.70427519666414
"1846",1.96175087626972
"1847",5.14512682369784
"1848",1.86846532658764
"1849",2.81129173427227
"1850",2.37277833803963
"1851",1.27560289949022
"1852",3.75638086741443
"1853",2.50316589795126
"1854",4.53989647631286
"1855",4.10455418882341
"1856",4.34475713389236
"1857",NA
"1858",NA
"1859",4.14860807340797
"1860",4.05178485829139
"1861",NA
"1862",2.17495927264551
"1863",2.81129173427227
"1864",3.64467807252855
"1865",NA
"1866",5.27373112867443
"1867",5.78062564910553
"1868",4.34475713389236
"1869",0.939047033153969
"1870",3.64467807252855
"1871",NA
"1872",0.45061461367306
"1873",4.34475713389236
"1874",1.96175087626972
"1875",2.81129173427227
"1876",3.95497463722755
"1877",3.85705868783323
"1878",2.0328040440925
"1879",2.39078273515195
"1880",4.34475713389236
"1881",NA
"1882",1.40030853442918
"1883",0.939047033153969
"1884",NA
"1885",3.38589572050038
"1886",NA
"1887",1.71063995865128
"1888",NA
"1889",5.19139798754309
"1890",5.64978075005027
"1891",2.39078273515195
"1892",1.65071812473173
"1893",NA
"1894",NA
"1895",2.0328040440925
"1896",3.38589572050038
"1897",2.35068956684112
"1898",3.52358785685617
"1899",4.34475713389236
"1900",NA
"1901",2.72515457937213
"1902",NA
"1903",NA
"1904",4.05178485829139
"1905",2.39078273515195
"1906",NA
"1907",2.0328040440925
"1908",NA
"1909",NA
"1910",2.0328040440925
"1911",3.95497463722755
"1912",4.05178485829139
"1913",NA
"1914",NA
"1915",2.39078273515195
"1916",NA
"1917",4.05178485829139
"1918",3.64467807252855
"1919",3.11229036552345
"1920",NA
"1921",NA
"1922",3.38589572050038
"1923",NA
"1924",4.14860807340797
"1925",1.86846532658764
"1926",2.37277833803963
"1927",5.01380096648236
"1928",5.78062564910553
"1929",NA
"1930",4.10455418882341
"1931",1.71063995865128
"1932",2.81129173427227
"1933",7.18959999355424
"1934",4.10455418882341
"1935",NA
"1936",2.0328040440925
"1937",NA
"1938",5.78062564910553
"1939",3.64467807252855
"1940",2.78931061985496
"1941",NA
"1942",3.38589572050038
"1943",2.81129173427227
"1944",3.85705868783323
"1945",1.65071812473173
"1946",3.52358785685617
"1947",NA
"1948",5.01380096648236
"1949",3.45570373640257
"1950",NA
"1951",2.39078273515195
"1952",3.52358785685617
"1953",1.71063995865128
"1954",2.37277833803963
"1955",2.0328040440925
"1956",2.37277833803963
"1957",NA
"1958",4.54532660446142
"1959",NA
"1960",3.52358785685617
"1961",2.0328040440925
"1962",3.38589572050038
"1963",NA
"1964",NA
"1965",NA
"1966",NA
"1967",3.95497463722755
"1968",2.37277833803963
"1969",NA
"1970",5.01380096648236
"1971",4.75371482539084
"1972",4.05178485829139
"1973",3.52358785685617
"1974",3.38589572050038
"1975",NA
"1976",2.39078273515195
"1977",5.78062564910553
"1978",NA
"1979",7.35836879914137
"1980",5.19139798754309
"1981",2.81129173427227
"1982",2.39078273515195
"1983",2.72515457937213
"1984",5.27373112867443
"1985",4.34475713389236
"1986",3.18588225234087
"1987",4.05178485829139
"1988",5.91388571113206
"1989",4.53989647631286
"1990",4.10455418882341
"1991",NA
"1992",NA
"1993",4.43779593100917
"1994",2.72515457937213
"1995",3.52358785685617
"1996",5.27373112867443
"1997",NA
"1998",4.05178485829139
"1999",6.69042654929144
"2000",3.95497463722755
"2001",3.38589572050038
"2002",2.17495927264551
"2003",NA
"2004",4.73054897410946
"2005",3.38589572050038
"2006",3.85705868783323
"2007",NA
"2008",3.64467807252855
"2009",3.85705868783323
"2010",1.14025087938204
"2011",NA
"2012",2.0328040440925
"2013",2.39078273515195
"2014",NA
"2015",3.64467807252855
"2016",2.05587322419301
"2017",NA
"2018",2.70427519666414
"2019",2.81129173427227
"2020",NA
"2021",2.39078273515195
"2022",3.18588225234087
"2023",2.72515457937213
"2024",NA
"2025",3.85705868783323
"2026",NA
"2027",1.65071812473173
"2028",5.14512682369784
"2029",2.39078273515195
"2030",5.78062564910553
"2031",NA
"2032",1.71063995865128
"2033",3.26031645145353
"2034",4.05178485829139
"2035",2.72515457937213
"2036",NA
"2037",2.39078273515195
"2038",NA
"2039",3.38589572050038
"2040",4.34475713389236
"2041",5.01380096648236
"2042",1.73209898183812
"2043",NA
"2044",2.70427519666414
"2045",3.52358785685617
"2046",3.52358785685617
"2047",NA
"2048",3.52358785685617
"2049",1.86846532658764
"2050",3.18588225234087
"2051",NA
"2052",1.40030853442918
"2053",NA
"2054",2.70427519666414
"2055",4.34475713389236
"2056",1.84951804676447
"2057",5.14512682369784
"2058",NA
"2059",2.37277833803963
"2060",3.52358785685617
"2061",4.87696639104639
"2062",NA
"2063",NA
"2064",NA
"2065",2.31256779465991
"2066",6.32500689860188
"2067",3.52358785685617
"2068",4.10455418882341
"2069",NA
"2070",2.0328040440925
"2071",4.10455418882341
"2072",4.10455418882341
"2073",4.24620082433421
"2074",2.0328040440925
"2075",NA
"2076",NA
"2077",3.38589572050038
"2078",4.75371482539084
"2079",3.38589572050038
"2080",1.96175087626972
"2081",3.22388831327646
"2082",2.37277833803963
"2083",2.39078273515195
"2084",2.17495927264551
"2085",3.64467807252855
"2086",5.14512682369784
"2087",NA
"2088",3.52358785685617
"2089",5.78062564910553
"2090",NA
"2091",0.302171101779486
"2092",NA
"2093",NA
"2094",NA
"2095",NA
"2096",5.14512682369784
"2097",3.95497463722755
"2098",3.38589572050038
"2099",2.39078273515195
"2100",2.0328040440925
"2101",3.38589572050038
"2102",3.18588225234087
"2103",NA
"2104",5.64978075005027
"2105",2.37277833803963
"2106",2.70427519666414
"2107",NA
"2108",2.17495927264551
"2109",1.71063995865128
"2110",2.0328040440925
"2111",1.84951804676447
"2112",3.38589572050038
"2113",1.65071812473173
"2114",1.71063995865128
"2115",2.81129173427227
"2116",NA
"2117",3.18588225234087
"2118",2.89136101854978
"2119",NA
"2120",7.35836879914137
"2121",2.50059638485009
"2122",NA
"2123",NA
"2124",1.40030853442918
"2125",5.01380096648236
"2126",4.34475713389236
"2127",5.14512682369784
"2128",NA
"2129",2.62935535460519
"2130",2.17495927264551
"2131",NA
"2132",NA
"2133",2.72515457937213
"2134",5.14512682369784
"2135",NA
"2136",1.27560289949022
"2137",2.38759970512209
"2138",1.43044265215605
"2139",1.96175087626972
"2140",NA
"2141",2.62935535460519
"2142",2.70427519666414
"2143",1.86846532658764
"2144",5.27373112867443
"2145",NA
"2146",NA
"2147",2.81129173427227
"2148",NA
"2149",3.38589572050038
"2150",2.39078273515195
"2151",5.19139798754309
"2152",NA
"2153",NA
"2154",3.22388831327646
"2155",2.39078273515195
"2156",1.71063995865128
"2157",5.14512682369784
"2158",3.38589572050038
"2159",2.0328040440925
"2160",2.37277833803963
"2161",NA
"2162",2.17495927264551
"2163",2.72515457937213
"2164",3.52358785685617
"2165",1.65071812473173
"2166",2.81129173427227
"2167",NA
"2168",NA
"2169",NA
"2170",5.78062564910553
"2171",3.11229036552345
"2172",4.34475713389236
"2173",1.96175087626972
"2174",1.96175087626972
"2175",4.14860807340797
"2176",3.64467807252855
"2177",5.01380096648236
"2178",2.72515457937213
"2179",2.39078273515195
"2180",2.81129173427227
"2181",5.14512682369784
"2182",3.81182217168693
"2183",3.38589572050038
"2184",4.14860807340797
"2185",NA
"2186",NA
"2187",3.38589572050038
"2188",NA
"2189",1.96175087626972
"2190",NA
"2191",1.65071812473173
"2192",0.302171101779486
"2193",NA
"2194",NA
"2195",NA
"2196",NA
"2197",4.22805693545802
"2198",2.70427519666414
"2199",NA
"2200",NA
"2201",3.38589572050038
"2202",2.37277833803963
"2203",3.52358785685617
"2204",2.62935535460519
"2205",1.73209898183812
"2206",5.01380096648236
"2207",5.01380096648236
"2208",NA
"2209",2.39078273515195
"2210",5.01380096648236
"2211",3.85705868783323
"2212",5.01380096648236
"2213",3.52358785685617
"2214",2.37277833803963
"2215",2.17495927264551
"2216",2.72515457937213
"2217",4.43779593100917
"2218",5.14512682369784
"2219",NA
"2220",5.14512682369784
"2221",NA
"2222",1.96175087626972
"2223",1.96175087626972
"2224",1.96175087626972
"2225",NA
"2226",NA
"2227",1.65071812473173
"2228",2.62935535460519
"2229",5.19139798754309
"2230",NA
"2231",2.39078273515195
"2232",NA
"2233",1.86846532658764
"2234",2.35068956684112
"2235",3.0282196720053
"2236",4.10455418882341
"2237",2.17495927264551
"2238",2.28162507017149
"2239",5.91388571113206
"2240",6.11995379748403
"2241",2.89136101854978
"2242",NA
"2243",NA
"2244",5.14512682369784
"2245",2.39078273515195
"2246",2.0328040440925
"2247",4.05178485829139
"2248",NA
"2249",2.39078273515195
"2250",2.0328040440925
"2251",NA
"2252",NA
"2253",2.0328040440925
"2254",1.96175087626972
"2255",2.39078273515195
"2256",2.0328040440925
"2257",NA
"2258",5.78062564910553
"2259",3.03330425409136
"2260",2.81129173427227
"2261",3.52358785685617
"2262",2.39078273515195
"2263",6.32500689860188
"2264",3.52358785685617
"2265",2.89136101854978
"2266",NA
"2267",NA
"2268",3.38589572050038
"2269",4.53989647631286
"2270",2.39078273515195
"2271",NA
"2272",4.05178485829139
"2273",5.14512682369784
"2274",4.54532660446142
"2275",4.34475713389236
"2276",NA
"2277",4.14860807340797
"2278",2.81129173427227
"2279",NA
"2280",3.38589572050038
"2281",3.95497463722755
"2282",4.34475713389236
"2283",2.39078273515195
"2284",2.70427519666414
"2285",2.39078273515195
"2286",NA
"2287",2.72515457937213
"2288",2.62935535460519
"2289",5.27373112867443
"2290",NA
"2291",NA
"2292",NA
"2293",NA
"2294",3.22388831327646
"2295",NA
"2296",5.64978075005027
"2297",3.11229036552345
"2298",2.17495927264551
"2299",4.34475713389236
"2300",3.52358785685617
"2301",3.22388831327646
"2302",2.17495927264551
"2303",3.18588225234087
"2304",3.38589572050038
"2305",4.43779593100917
"2306",3.52358785685617
"2307",1.51016765124146
"2308",7.18959999355424
"2309",NA
"2310",2.72515457937213
"2311",5.01380096648236
"2312",2.0328040440925
"2313",4.10455418882341
"2314",NA
"2315",3.38589572050038
"2316",2.72515457937213
"2317",NA
"2318",NA
"2319",NA
"2320",4.10455418882341
"2321",1.71063995865128
"2322",NA
"2323",2.0328040440925
"2324",NA
"2325",NA
"2326",2.72515457937213
"2327",NA
"2328",1.43044265215605
"2329",2.62935535460519
"2330",3.18588225234087
"2331",2.17495927264551
"2332",NA
"2333",5.01380096648236
"2334",5.52099921452465
"2335",2.0328040440925
"2336",4.05178485829139
"2337",2.78931061985496
"2338",NA
"2339",NA
"2340",5.91388571113206
"2341",3.26031645145353
"2342",4.05178485829139
"2343",NA
"2344",3.85705868783323
"2345",2.72515457937213
"2346",2.39078273515195
"2347",2.17495927264551
"2348",1.73209898183812
"2349",NA
"2350",3.81182217168693
"2351",2.72515457937213
"2352",4.14860807340797
"2353",5.78062564910553
"2354",1.96175087626972
"2355",2.37277833803963
"2356",2.17495927264551
"2357",2.22468838451663
"2358",3.03330425409136
"2359",NA
"2360",4.16395048243872
"2361",NA
"2362",4.10455418882341
"2363",NA
"2364",2.81129173427227
"2365",NA
"2366",3.38589572050038
"2367",1.40030853442918
"2368",1.65071812473173
"2369",1.65071812473173
"2370",1.71063995865128
"2371",NA
"2372",2.17495927264551
"2373",5.01380096648236
"2374",NA
"2375",NA
"2376",1.71063995865128
"2377",2.0328040440925
"2378",NA
"2379",3.52358785685617
"2380",NA
"2381",2.39078273515195
"2382",2.81129173427227
"2383",2.0328040440925
"2384",3.52358785685617
"2385",3.38589572050038
"2386",2.22468838451663
"2387",NA
"2388",3.85705868783323
"2389",2.35068956684112
"2390",NA
"2391",NA
"2392",NA
"2393",NA
"2394",4.24620082433421
"2395",3.95497463722755
"2396",1.96175087626972
"2397",3.85705868783323
"2398",2.17495927264551
"2399",3.52358785685617
"2400",3.22388831327646
"2401",NA
"2402",3.81182217168693
"2403",3.52358785685617
"2404",5.78062564910553
"2405",1.27560289949022
"2406",NA
"2407",NA
"2408",2.3902433721201
"2409",5.27373112867443
"2410",2.81129173427227
"2411",3.52358785685617
"2412",4.05178485829139
"2413",NA
"2414",2.39078273515195
"2415",3.22388831327646
"2416",NA
"2417",3.38589572050038
"2418",2.0328040440925
"2419",2.17495927264551
"2420",3.26031645145353
"2421",2.81129173427227
"2422",NA
"2423",4.34475713389236
"2424",NA
"2425",1.65071812473173
"2426",3.52358785685617
"2427",2.70427519666414
"2428",NA
"2429",2.37277833803963
"2430",NA
"2431",4.05178485829139
"2432",4.14860807340797
"2433",7.70351312429647
"2434",2.39078273515195
"2435",3.52358785685617
"2436",3.95497463722755
"2437",2.72515457937213
"2438",5.01380096648236
"2439",NA
"2440",NA
"2441",4.10455418882341
"2442",3.38589572050038
"2443",3.52358785685617
"2444",NA
"2445",3.85705868783323
"2446",NA
"2447",2.0328040440925
"2448",NA
"2449",3.95497463722755
"2450",4.05178485829139
"2451",5.01380096648236
"2452",NA
"2453",NA
"2454",3.95497463722755
"2455",4.05178485829139
"2456",0.939047033153969
"2457",5.14512682369784
"2458",3.38589572050038
"2459",4.43779593100917
"2460",4.05178485829139
"2461",1.51016765124146
"2462",6.32500689860188
"2463",NA
"2464",4.14860807340797
"2465",2.72515457937213
"2466",4.10455418882341
"2467",3.81182217168693
"2468",3.18588225234087
"2469",2.0328040440925
"2470",7.35836879914137
"2471",2.39078273515195
"2472",NA
"2473",2.78931061985496
"2474",4.53989647631286
"2475",4.05178485829139
"2476",2.39078273515195
"2477",1.73209898183812
"2478",3.38589572050038
"2479",3.95497463722755
"2480",4.54532660446142
"2481",1.86846532658764
"2482",2.0328040440925
"2483",NA
"2484",NA
"2485",NA
"2486",2.17495927264551
"2487",2.70427519666414
"2488",2.72515457937213
"2489",4.14860807340797
"2490",NA
"2491",3.18588225234087
"2492",4.05178485829139
"2493",NA
"2494",NA
"2495",NA
"2496",2.37277833803963
"2497",NA
"2498",4.10455418882341
"2499",NA
"2500",2.37277833803963
"2501",2.72515457937213
"2502",5.14512682369784
"2503",2.17495927264551
"2504",NA
"2505",5.78062564910553
"2506",4.54532660446142
"2507",4.10455418882341
"2508",4.05178485829139
"2509",3.38589572050038
"2510",1.86846532658764
"2511",2.39078273515195
"2512",6.32500689860188
"2513",3.26031645145353
"2514",7.02234211327985
"2515",3.38589572050038
"2516",NA
"2517",3.95497463722755
"2518",2.17495927264551
"2519",5.01380096648236
"2520",5.52099921452465
"2521",3.95497463722755
"2522",3.95497463722755
"2523",1.65071812473173
"2524",NA
"2525",5.14512682369784
"2526",NA
"2527",NA
"2528",4.05178485829139
"2529",3.0282196720053
"2530",2.89136101854978
"2531",NA
"2532",NA
"2533",1.43044265215605
"2534",3.38589572050038
"2535",7.18959999355424
"2536",2.72515457937213
"2537",NA
"2538",3.18588225234087
"2539",3.38589572050038
"2540",5.27373112867443
"2541",1.96175087626972
"2542",2.81129173427227
"2543",4.34475713389236
"2544",NA
"2545",2.10386661581034
"2546",NA
"2547",2.39078273515195
"2548",3.38589572050038
"2549",5.01380096648236
"2550",1.57293111511894
"2551",1.65071812473173
"2552",NA
"2553",5.78062564910553
"2554",5.14512682369784
"2555",4.34475713389236
"2556",NA
"2557",3.52358785685617
"2558",1.96175087626972
"2559",NA
"2560",NA
"2561",5.01380096648236
"2562",NA
"2563",3.38589572050038
"2564",5.01380096648236
"2565",4.14860807340797
"2566",3.18588225234087
"2567",5.64978075005027
"2568",5.14512682369784
"2569",4.34475713389236
"2570",NA
"2571",3.81182217168693
"2572",2.81129173427227
"2573",2.81129173427227
"2574",4.10455418882341
"2575",4.34475713389236
"2576",3.52358785685617
"2577",2.39078273515195
"2578",5.91388571113206
"2579",6.51291266424381
"2580",4.87696639104639
"2581",1.86846532658764
"2582",NA
"2583",3.52358785685617
"2584",4.64411245137364
"2585",NA
"2586",3.95497463722755
"2587",3.52358785685617
"2588",3.85705868783323
"2589",4.05178485829139
"2590",2.72515457937213
"2591",4.05178485829139
"2592",3.22388831327646
"2593",4.23924229418055
"2594",NA
"2595",2.17495927264551
"2596",2.39078273515195
"2597",NA
"2598",2.35068956684112
"2599",NA
"2600",6.51291266424381
"2601",3.95497463722755
"2602",4.05178485829139
"2603",3.22388831327646
"2604",2.17495927264551
"2605",NA
"2606",5.27373112867443
"2607",3.52358785685617
"2608",NA
"2609",2.38759970512209
"2610",NA
"2611",1.40030853442918
"2612",NA
"2613",2.0328040440925
"2614",2.81129173427227
"2615",NA
"2616",1.65071812473173
"2617",1.86846532658764
"2618",2.39078273515195
"2619",3.64467807252855
"2620",4.34475713389236
"2621",2.39078273515195
"2622",2.0328040440925
"2623",3.18588225234087
"2624",5.14512682369784
"2625",3.22388831327646
"2626",2.0328040440925
"2627",3.52358785685617
"2628",NA
"2629",5.01380096648236
"2630",1.73209898183812
"2631",NA
"2632",2.72515457937213
"2633",NA
"2634",1.96175087626972
"2635",4.54532660446142
"2636",2.72515457937213
"2637",2.72515457937213
"2638",2.89089453571891
"2639",3.64467807252855
"2640",2.22468838451663
"2641",3.38589572050038
"2642",2.86985534681481
"2643",2.81129173427227
"2644",3.52358785685617
"2645",NA
"2646",3.52358785685617
"2647",NA
"2648",2.39078273515195
"2649",3.38589572050038
"2650",2.72515457937213
"2651",5.91388571113206
"2652",2.0328040440925
"2653",3.38589572050038
"2654",3.38693361536037
"2655",NA
"2656",1.86846532658764
"2657",4.10455418882341
"2658",3.56498705677643
"2659",1.96175087626972
"2660",3.38589572050038
"2661",5.27373112867443
"2662",3.18588225234087
"2663",NA
"2664",NA
"2665",7.35836879914137
"2666",NA
"2667",NA
"2668",2.39078273515195
"2669",3.18588225234087
"2670",5.14512682369784
"2671",4.87696639104639
"2672",NA
"2673",5.01380096648236
"2674",NA
"2675",2.0328040440925
"2676",NA
"2677",3.64467807252855
"2678",NA
"2679",NA
"2680",1.002669629589
"2681",1.002669629589
"2682",NA
"2683",2.51895757143694
"2684",3.52358785685617
"2685",NA
"2686",2.37277833803963
"2687",3.22388831327646
"2688",4.34475713389236
"2689",5.19139798754309
"2690",1.73209898183812
"2691",5.14512682369784
"2692",2.37277833803963
"2693",5.01380096648236
"2694",NA
"2695",2.17495927264551
"2696",NA
"2697",2.78931061985496
"2698",2.39078273515195
"2699",5.14512682369784
"2700",NA
"2701",2.39078273515195
"2702",3.38589572050038
"2703",NA
"2704",2.39078273515195
"2705",2.0328040440925
"2706",NA
"2707",2.39078273515195
"2708",3.52358785685617
"2709",7.35836879914137
"2710",4.14860807340797
"2711",NA
"2712",2.72515457937213
"2713",NA
"2714",1.73209898183812
"2715",NA
"2716",5.01380096648236
"2717",3.81182217168693
"2718",1.86846532658764
"2719",3.11229036552345
"2720",5.78062564910553
"2721",3.81182217168693
"2722",3.52358785685617
"2723",2.86985534681481
"2724",4.05178485829139
"2725",NA
"2726",2.81129173427227
"2727",3.52358785685617
"2728",NA
"2729",3.22388831327646
"2730",2.35068956684112
"2731",4.34475713389236
"2732",NA
"2733",6.32500689860188
"2734",3.52358785685617
"2735",1.96175087626972
"2736",4.54532660446142
"2737",4.34475713389236
"2738",5.27373112867443
"2739",NA
"2740",3.38589572050038
"2741",NA
"2742",1.27560289949022
"2743",4.34475713389236
"2744",NA
"2745",5.01380096648236
"2746",3.52358785685617
"2747",NA
"2748",2.0328040440925
"2749",3.95497463722755
"2750",NA
"2751",2.39078273515195
"2752",NA
"2753",5.01380096648236
"2754",2.72515457937213
"2755",2.81129173427227
"2756",NA
"2757",4.54532660446142
"2758",NA
"2759",NA
"2760",4.54532660446142
"2761",NA
"2762",4.54532660446142
"2763",1.96175087626972
"2764",NA
"2765",2.81129173427227
"2766",1.71063995865128
"2767",5.01380096648236
"2768",1.71063995865128
"2769",NA
"2770",4.34475713389236
"2771",4.34475713389236
"2772",4.10455418882341
"2773",4.34475713389236
"2774",3.38589572050038
"2775",NA
"2776",NA
"2777",3.38589572050038
"2778",5.14512682369784
"2779",2.62935535460519
"2780",5.64978075005027
"2781",5.14512682369784
"2782",2.37277833803963
"2783",1.96175087626972
"2784",1.40030853442918
"2785",4.34475713389236
"2786",3.38589572050038
"2787",NA
"2788",3.38589572050038
"2789",1.96175087626972
"2790",5.01380096648236
"2791",3.52358785685617
"2792",2.39078273515195
"2793",2.17495927264551
"2794",NA
"2795",NA
"2796",2.78931061985496
"2797",4.43779593100917
"2798",NA
"2799",3.38589572050038
"2800",2.37277833803963
"2801",3.11229036552345
"2802",2.0328040440925
"2803",NA
"2804",2.35068956684112
"2805",2.39078273515195
"2806",6.51291266424381
"2807",3.52358785685617
"2808",1.86846532658764
"2809",2.39078273515195
"2810",NA
"2811",3.38589572050038
"2812",3.95497463722755
"2813",3.38589572050038
"2814",NA
"2815",3.11229036552345
"2816",NA
"2817",5.14512682369784
"2818",3.22388831327646
"2819",3.64467807252855
"2820",NA
"2821",2.0328040440925
"2822",4.34475713389236
"2823",3.52358785685617
"2824",3.52358785685617
"2825",1.84951804676447
"2826",3.38589572050038
"2827",5.14512682369784
"2828",3.11229036552345
"2829",4.75371482539084
"2830",NA
"2831",NA
"2832",1.96175087626972
"2833",1.71063995865128
"2834",NA
"2835",6.32500689860188
"2836",NA
"2837",NA
"2838",NA
"2839",NA
"2840",4.05178485829139
"2841",NA
"2842",1.96175087626972
"2843",1.65071812473173
"2844",5.14512682369784
"2845",1.65071812473173
"2846",0.461974474989102
"2847",1.96175087626972
"2848",2.0328040440925
"2849",1.73209898183812
"2850",NA
"2851",3.38589572050038
"2852",3.89798359673185
"2853",2.89136101854978
"2854",3.38589572050038
"2855",NA
"2856",3.0282196720053
"2857",2.62935535460519
"2858",3.22388831327646
"2859",1.79257915151494
"2860",4.56871023496925
"2861",NA
"2862",NA
"2863",NA
"2864",NA
"2865",NA
"2866",NA
"2867",2.07455461975235
"2868",2.81129173427227
"2869",1.96175087626972
"2870",6.32500689860188
"2871",NA
"2872",3.03330425409136
"2873",1.84951804676447
"2874",NA
"2875",2.0328040440925
"2876",2.37277833803963
"2877",4.34475713389236
"2878",1.96175087626972
"2879",4.87696639104639
"2880",0.461974474989102
"2881",NA
"2882",2.17495927264551
"2883",2.72515457937213
"2884",3.18588225234087
"2885",4.05178485829139
"2886",NA
"2887",2.0328040440925
"2888",4.14860807340797
"2889",NA
"2890",2.78931061985496
"2891",NA
"2892",4.05178485829139
"2893",2.39078273515195
"2894",5.19139798754309
"2895",4.54532660446142
"2896",4.22805693545802
"2897",1.27560289949022
"2898",2.81129173427227
"2899",2.0328040440925
"2900",NA
"2901",NA
"2902",3.52358785685617
"2903",5.01380096648236
"2904",2.35068956684112
"2905",NA
"2906",4.34475713389236
"2907",NA
"2908",NA
"2909",3.52358785685617
"2910",2.81129173427227
"2911",5.14512682369784
"2912",3.38589572050038
"2913",5.14512682369784
"2914",NA
"2915",NA
"2916",NA
"2917",NA
"2918",3.52358785685617
"2919",NA
"2920",NA
"2921",3.18588225234087
"2922",NA
"2923",4.34475713389236
"2924",NA
"2925",2.39078273515195
"2926",7.18959999355424
"2927",3.38589572050038
"2928",3.52358785685617
"2929",NA
"2930",1.96175087626972
"2931",NA
"2932",5.14512682369784
"2933",3.85705868783323
"2934",2.17495927264551
"2935",1.84951804676447
"2936",2.39078273515195
"2937",2.0328040440925
"2938",4.05178485829139
"2939",3.11229036552345
"2940",4.10455418882341
"2941",NA
"2942",3.52358785685617
"2943",1.86846532658764
"2944",5.27373112867443
"2945",2.81129173427227
"2946",7.35836879914137
"2947",3.95497463722755
"2948",3.52358785685617
"2949",3.52358785685617
"2950",5.52099921452465
"2951",NA
"2952",2.62935535460519
"2953",6.11995379748403
"2954",3.95497463722755
"2955",3.95497463722755
"2956",2.0328040440925
"2957",4.87696639104639
"2958",5.78062564910553
"2959",3.38589572050038
"2960",NA
"2961",NA
"2962",6.32500689860188
"2963",NA
"2964",3.38589572050038
"2965",NA
"2966",1.71063995865128
"2967",2.0328040440925
"2968",2.0328040440925
"2969",NA
"2970",2.39078273515195
"2971",4.05178485829139
"2972",NA
"2973",3.52358785685617
"2974",NA
"2975",3.64467807252855
"2976",2.17495927264551
"2977",3.38589572050038
"2978",3.95497463722755
"2979",3.52358785685617
"2980",2.81129173427227
"2981",3.18588225234087
"2982",2.70427519666414
"2983",4.24620082433421
"2984",3.38589572050038
"2985",4.10455418882341
"2986",4.87696639104639
"2987",2.39078273515195
"2988",3.03909046407669
"2989",NA
"2990",2.39078273515195
"2991",2.39078273515195
"2992",2.16593931061891
"2993",2.39078273515195
"2994",3.64467807252855
"2995",NA
"2996",2.0328040440925
"2997",2.81129173427227
"2998",NA
"2999",NA
"3000",NA
"3001",4.34475713389236
"3002",1.96175087626972
"3003",5.01380096648236
"3004",NA
"3005",2.17495927264551
"3006",NA
"3007",3.64467807252855
"3008",6.51291266424381
"3009",3.52358785685617
"3010",1.96175087626972
"3011",3.26031645145353
"3012",NA
"3013",NA
"3014",3.18588225234087
"3015",2.39078273515195
"3016",3.03909046407669
"3017",3.38589572050038
"3018",1.84951804676447
"3019",NA
"3020",2.0328040440925
"3021",2.39078273515195
"3022",2.70427519666414
"3023",NA
"3024",4.53989647631286
"3025",NA
"3026",4.73054897410946
"3027",2.0328040440925
"3028",4.05178485829139
"3029",1.002669629589
"3030",2.0328040440925
"3031",3.0282196720053
"3032",4.43779593100917
"3033",1.002669629589
"3034",NA
"3035",1.65071812473173
"3036",1.96175087626972
"3037",2.17495927264551
"3038",3.38589572050038
"3039",NA
"3040",2.39078273515195
"3041",2.17495927264551
"3042",3.52358785685617
"3043",NA
"3044",4.53989647631286
"3045",2.0328040440925
"3046",2.70427519666414
"3047",2.0328040440925
"3048",2.39078273515195
"3049",NA
"3050",2.89136101854978
"3051",3.0282196720053
"3052",4.34475713389236
"3053",4.14860807340797
"3054",3.0282196720053
"3055",1.96175087626972
"3056",NA
"3057",0.194604976163296
"3058",NA
"3059",4.05178485829139
"3060",5.14512682369784
"3061",4.43779593100917
"3062",4.53989647631286
"3063",1.96175087626972
"3064",NA
"3065",0.864819837457781
"3066",2.72515457937213
"3067",5.78062564910553
"3068",NA
"3069",NA
"3070",3.64467807252855
"3071",5.14512682369784
"3072",4.05178485829139
"3073",5.78062564910553
"3074",5.91388571113206
"3075",4.05178485829139
"3076",2.39078273515195
"3077",2.37277833803963
"3078",NA
"3079",NA
"3080",NA
"3081",3.64467807252855
"3082",NA
"3083",4.87696639104639
"3084",3.52358785685617
"3085",3.95497463722755
"3086",2.72515457937213
"3087",2.81129173427227
"3088",NA
"3089",3.38589572050038
"3090",NA
"3091",5.14512682369784
"3092",2.17495927264551
"3093",5.64978075005027
"3094",1.96175087626972
"3095",2.72515457937213
"3096",2.81129173427227
"3097",2.81129173427227
"3098",NA
"3099",NA
"3100",3.38589572050038
"3101",2.17495927264551
"3102",3.38589572050038
"3103",7.52948079730813
"3104",3.52358785685617
"3105",3.52358785685617
"3106",4.10455418882341
"3107",3.52358785685617
"3108",NA
"3109",3.64467807252855
"3110",4.05178485829139
"3111",NA
"3112",2.81129173427227
"3113",3.22388831327646
"3114",3.38589572050038
"3115",4.10455418882341
"3116",4.34475713389236
"3117",3.64467807252855
"3118",5.78062564910553
"3119",NA
"3120",NA
"3121",1.96175087626972
"3122",NA
"3123",NA
"3124",1.73209898183812
"3125",5.19139798754309
"3126",NA
"3127",2.44630804397558
"3128",3.22388831327646
"3129",NA
"3130",5.78062564910553
"3131",2.81129173427227
"3132",0.939047033153969
"3133",2.72515457937213
"3134",3.95497463722755
"3135",4.14860807340797
"3136",NA
"3137",3.38589572050038
"3138",4.14860807340797
"3139",3.95497463722755
"3140",4.10455418882341
"3141",2.49470644206798
"3142",NA
"3143",NA
"3144",NA
"3145",2.39078273515195
"3146",3.18588225234087
"3147",NA
"3148",NA
"3149",2.72515457937213
"3150",4.87696639104639
"3151",3.81182217168693
"3152",NA
"3153",NA
"3154",NA
"3155",NA
"3156",NA
"3157",NA
"3158",4.34475713389236
"3159",4.73054897410946
"3160",NA
"3161",1.51016765124146
"3162",4.75371482539084
"3163",1.71063995865128
"3164",2.81129173427227
"3165",NA
"3166",5.01380096648236
"3167",1.86846532658764
"3168",NA
"3169",NA
"3170",NA
"3171",NA
"3172",4.34475713389236
"3173",3.52358785685617
"3174",2.81129173427227
"3175",NA
"3176",2.39078273515195
"3177",NA
"3178",NA
"3179",2.72515457937213
"3180",2.37277833803963
"3181",3.38589572050038
"3182",7.35836879914137
"3183",2.0328040440925
"3184",4.05178485829139
"3185",4.53989647631286
"3186",5.01380096648236
"3187",2.39078273515195
"3188",2.39078273515195
"3189",3.52358785685617
"3190",3.85705868783323
"3191",3.85705868783323
"3192",3.64467807252855
"3193",2.0328040440925
"3194",NA
"3195",2.72515457937213
"3196",NA
"3197",2.16593931061891
"3198",NA
"3199",4.53989647631286
"3200",7.02234211327985
"3201",3.11229036552345
"3202",2.0328040440925
"3203",NA
"3204",NA
"3205",1.71063995865128
"3206",1.96175087626972
"3207",2.17495927264551
"3208",5.01380096648236
"3209",3.38589572050038
"3210",2.72515457937213
"3211",NA
"3212",NA
"3213",NA
"3214",NA
"3215",2.39078273515195
"3216",NA
"3217",NA
"3218",2.39078273515195
"3219",NA
"3220",1.43044265215605
"3221",5.01380096648236
"3222",2.62935535460519
"3223",1.96175087626972
"3224",4.38336549646154
"3225",3.38589572050038
"3226",NA
"3227",3.38589572050038
"3228",2.17495927264551
"3229",NA
"3230",1.27560289949022
"3231",4.87696639104639
"3232",3.95497463722755
"3233",6.32500689860188
"3234",4.05178485829139
"3235",3.52358785685617
"3236",4.54532660446142
"3237",NA
"3238",NA
"3239",NA
"3240",2.0328040440925
"3241",1.84951804676447
"3242",1.84951804676447
"3243",2.39078273515195
"3244",5.1407846772798
"3245",3.81182217168693
"3246",NA
"3247",NA
"3248",NA
"3249",4.14860807340797
"3250",NA
"3251",5.01380096648236
"3252",4.64411245137364
"3253",4.34475713389236
"3254",NA
"3255",2.0328040440925
"3256",4.14860807340797
"3257",3.64467807252855
"3258",2.89136101854978
"3259",1.43044265215605
"3260",3.64467807252855
"3261",3.64467807252855
"3262",3.95497463722755
"3263",3.26031645145353
"3264",NA
"3265",5.01380096648236
"3266",3.38589572050038
"3267",1.86846532658764
"3268",2.0328040440925
"3269",7.35836879914137
"3270",1.40030853442918
"3271",4.34475713389236
"3272",5.14512682369784
"3273",NA
"3274",NA
"3275",1.86846532658764
"3276",3.38589572050038
"3277",4.34475713389236
"3278",3.85705868783323
"3279",5.78062564910553
"3280",NA
"3281",4.53989647631286
"3282",2.39078273515195
"3283",NA
"3284",3.52358785685617
"3285",4.34475713389236
"3286",4.05178485829139
"3287",NA
"3288",4.05178485829139
"3289",1.002669629589
"3290",2.37277833803963
"3291",1.58875298364456
"3292",3.95497463722755
"3293",2.0328040440925
"3294",1.96175087626972
"3295",NA
"3296",2.37277833803963
"3297",5.01380096648236
"3298",2.39078273515195
"3299",2.39078273515195
"3300",NA
"3301",2.89136101854978
"3302",2.72515457937213
"3303",4.34475713389236
"3304",3.85705868783323
"3305",2.17495927264551
"3306",2.89136101854978
"3307",NA
"3308",NA
"3309",NA
"3310",2.33470262218601
"3311",2.35068956684112
"3312",2.17495927264551
"3313",1.86846532658764
"3314",3.18588225234087
"3315",NA
"3316",2.39078273515195
"3317",2.17495927264551
"3318",2.0328040440925
"3319",5.19139798754309
"3320",1.86846532658764
"3321",NA
"3322",NA
"3323",5.01380096648236
"3324",3.38589572050038
"3325",4.14860807340797
"3326",6.32500689860188
"3327",5.01380096648236
"3328",NA
"3329",NA
"3330",2.22468838451663
"3331",3.52358785685617
"3332",5.52099921452465
"3333",3.52358785685617
"3334",2.39078273515195
"3335",3.95497463722755
